Question,Answer
What did I intend to pursue at the University of Missouri?,a master's degree in Computer Science
What did every company use data for?,"to analyze the performance of their competitors, estimate their sales, and gain more insight into the preferences of their customers"
Why did I decide to pursue a career in Computer Science?,"because of my interest in algebra, calculus, statistics, and probability as well as my curiosity about search engines"
Why was I accepted to Lakireddy Bali Reddy College of Engineering?,"because of my strong academic credentials, natural affinity for arithmetic, sense of logic, and excellent grades"
What is the grade point average for IIT Bombay?,8.90
What is the grade point average for IIT Bombay?,3.56
What is the grade point average for IIT Bombay?,8.90
What is the grade point average for IIT Bombay?,3.56
What is the grade point average for IIT Bombay?,3.56
What are two regulatory frameworks that ensure high academic standards at University of Missouri?,CRICOS and ESOS
What do graduates from this country achieve across the globe?,success
What does the university's dedication to building a diverse and inclusive community also make an impression on me?,I value collaboration and learning from different viewpoints
"What does the program's emphasis on research, innovation, and practical application provide me with?",the knowledge and skills needed to make meaningful contributions to the field
What does my multiple experiences and constant commitment to excellence make me an excellent candidate for admittance?,an excellent candidate
